{"cameraMode":{"drawMode":0,"name":"Shaded","section":"Shading Mode"},"sceneLighting":false,"audioPlay":false,"sceneViewState":{"showFog":false,"showMaterialUpdate":false,"showSkybox":false,"showFlares":false,"showImageEffects":false,"showParticleSystems":false},"in2DMode":false,"pivot":{"x":-100.35912322998047,"y":7.083028316497803,"z":-15.948064804077149},"rotation":{"x":0.00014697758888360113,"y":0.9991469383239746,"z":-0.029762255027890207,"w":-0.028629792854189874},"size":2.886322021484375,"orthographic":false}