{"cameraMode":{"drawMode":0,"name":"Shaded","section":"Shading Mode"},"sceneLighting":false,"audioPlay":false,"sceneViewState":{"showFog":false,"showMaterialUpdate":false,"showSkybox":false,"showFlares":false,"showImageEffects":false,"showParticleSystems":false},"in2DMode":false,"pivot":{"x":-0.005581945180892944,"y":-0.0374753475189209,"z":-0.022591322660446168},"rotation":{"x":-0.02528666891157627,"y":-0.6293869018554688,"z":-0.01921001821756363,"w":0.7764430642127991},"size":1.3939697742462159,"orthographic":false}