{"cameraMode":{"drawMode":0,"name":"Shaded","section":"Shading Mode"},"sceneLighting":true,"audioPlay":false,"sceneViewState":{"showFog":false,"showMaterialUpdate":false,"showSkybox":false,"showFlares":false,"showImageEffects":false,"showParticleSystems":false},"in2DMode":false,"pivot":{"x":-87.12890625,"y":20.624635696411134,"z":-335.6995544433594},"rotation":{"x":0.11056515574455261,"y":-0.6141392588615418,"z":0.08876041322946549,"w":0.7763568162918091},"size":136.11749267578126,"orthographic":false}